product_id,product_name,category,subcategory,cost_price
PROD0001,Ducimus Shoes,Clothing,Shoes,8044
PROD0002,In Mobile,Electronics,Mobile,40288
PROD0003,Aliquam Mobile,Electronics,Mobile,46412
PROD0004,Earum Mobile,Electronics,Mobile,24900
PROD0005,Quo Comics,Books,Comics,12598
PROD0006,Dolorem Jacket,Clothing,Jacket,37802
PROD0007,Necessitatibus Jacket,Clothing,Jacket,27328
PROD0008,Quam Chair,Home,Chair,27846
PROD0009,Nesciunt Sofa,Home,Sofa,8582
PROD0010,Suscipit Biography,Books,Biography,16666
PROD0011,Esse Laptop,Electronics,Laptop,13985
PROD0012,Iure Education,Books,Education,28467
PROD0013,Mollitia Laptop,Electronics,Laptop,33901
PROD0014,Qui Novel,Books,Novel,9566
PROD0015,Dolores Shirt,Clothing,Shirt,3296
PROD0016,NAM EDUCATION,Books,Education,7511
PROD0017,Consectetur Education,Books,Education,35400
PROD0018,Laudantium Comics,Books,Comics,14513
PROD0019,Consequuntur Laptop,Electronics,Laptop,23134
PROD0020,Recusandae Camera,Electronics,Camera,44902
PROD0021,Beatae Table,Home,Table,16484
PROD0022,Labore Sofa,Home,Sofa,204
PROD0023,Recusandae Jacket,Clothing,Jacket,47147
PROD0024,Voluptatibus Lamp,Home,Lamp,22400
PROD0025,Aliquid Sofa,Home,Sofa,24366
PROD0026,Reiciendis Chair,Home,Chair,1635
PROD0027,Ex Table,Home,Table,1181
PROD0028,Necessitatibus Headphones,Electronics,Headphones,5549
PROD0029,   Autem Camera   ,Electronics,Camera,7320
PROD0030,SUSCIPIT COMICS,Books,Comics,40646
PROD0031,Quidem Chair,Home,Chair,5318
PROD0032,Enim Comics,Books,Comics,11913
PROD0033,Rerum Laptop,Electronics,Laptop,14091
PROD0034,ILLO SOFA,Home,Sofa,47155
PROD0035,Cum Biography,Books,Biography,24630
PROD0036,Enim Table,Home,Table,5031
PROD0037,Debitis Jeans,Clothing,Jeans,45560
PROD0038,Placeat Jacket,Clothing,Jacket,42733
PROD0039,Tempore Camera,Electronics,Camera,5327
PROD0040,Error Novel,Books,Novel,38868
PROD0041,   Aperiam Comics   ,Books,Comics,17450
PROD0042,Soluta Laptop,Electronics,Laptop,23453
PROD0043,Aut Education,Books,Education,24604
PROD0044,Incidunt Shirt,Clothing,Shirt,2220
PROD0045,Doloribus Education,Books,Education,6381
PROD0046,Porro Table,Home,Table,44066
PROD0047,Accusamus Laptop,Electronics,Laptop,40622
PROD0048,Fugit Comics,Books,Comics,34354
PROD0049,A Jacket,Clothing,Jacket,12715
PROD0050,Labore Mobile,Electronics,Mobile,20445
PROD0051,Perspiciatis Shoes,Clothing,Shoes,2015
PROD0052,Architecto Biography,Books,Biography,47878
PROD0053,Esse Camera,Electronics,Camera,19712
PROD0054,ERROR MOBILE,Electronics,Mobile,4958
PROD0055,Ipsa Chair,Home,Chair,7804
PROD0056,Tempora Lamp,Home,Lamp,26511
PROD0057,Maiores Sofa,Home,Sofa,35070
PROD0058,Minima Lamp,Home,Lamp,28107
PROD0059,Velit Biography,Books,Biography,45472
PROD0060,Voluptates Shirt,Clothing,Shirt,6762
PROD0061,Praesentium Jeans,Clothing,Jeans,9884
PROD0062,Illo Table,Home,Table,46554
PROD0063,Necessitatibus Novel,Books,Novel,45961
PROD0064,Veniam Jeans,Clothing,Jeans,48199
PROD0065,Fugiat Lamp,Home,Lamp,1365
PROD0066,Et Camera,Electronics,Camera,45554
PROD0067,Neque Biography,Books,Biography,20658
PROD0068,Quisquam Biography,Books,Biography,9229
PROD0069,Quasi Comics,Books,Comics,48481
PROD0070,Repellat Biography,Books,Biography,39827
PROD0071,Accusantium Jacket,Clothing,Jacket,38303
PROD0072,Blanditiis Chair,Home,Chair,4661
PROD0073,Optio Biography,Books,Biography,28208
PROD0074,Quia Shirt,Clothing,Shirt,44625
PROD0075,Expedita Education,Books,Education,24128
PROD0076,Perspiciatis Sofa,Home,Sofa,43816
PROD0077,Porro Comics,Books,Comics,39397
PROD0078,Mollitia Laptop,Electronics,Laptop,45694
PROD0079,Ex Shoes,Clothing,Shoes,48317
PROD0080,Assumenda Novel,Books,Novel,40660
PROD0081,Officiis Headphones,Electronics,Headphones,17875
PROD0082,Esse Lamp,Home,Lamp,1732
PROD0083,Animi Jacket,Clothing,Jacket,20363
PROD0084,Nobis Chair,Home,Chair,26656
PROD0085,Odit Lamp,Home,Lamp,16767
PROD0086,Illum Jeans,Clothing,Jeans,2926
PROD0087,Dicta Shoes,Clothing,Shoes,24660
PROD0088,Consequuntur Shirt,Clothing,Shirt,39938
PROD0089,Mollitia Lamp,Home,Lamp,10742
PROD0090,QUAERAT COMICS,Books,Comics,8331
PROD0091,Ipsum Mobile,Electronics,Mobile,6921
PROD0092,Natus Laptop,Electronics,Laptop,19684
PROD0093,Ea Headphones,Electronics,Headphones,23837
PROD0094,Sint Education,Books,Education,43340
PROD0095,Quia Chair,Home,Chair,20726
PROD0096,Incidunt Table,Home,Table,39462
PROD0097,Cumque Shoes,Clothing,Shoes,33748
PROD0098,Voluptate Sofa,Home,Sofa,28501
PROD0099,Perspiciatis Jacket,Clothing,Jacket,8652
PROD0100,Ex Chair,Home,Chair,29570
PROD0101,Ea Jeans,Clothing,Jeans,16035
PROD0102,Non Mobile,Electronics,Mobile,3446
PROD0103,Eligendi Headphones,Electronics,Headphones,42606
PROD0104,Tempora Table,Home,Table,38252
PROD0105,Aliquam Mobile,Electronics,Mobile,34776
PROD0106,Nam Mobile,Electronics,Mobile,25881
PROD0107,Aperiam Sofa,Home,Sofa,44219
PROD0108,Tempore Education,Books,Education,13267
PROD0109,Neque Shirt,Clothing,Shirt,40405
PROD0110,Asperiores Table,Home,Table,40985
PROD0111,Possimus Table,Home,Table,5486
PROD0112,Ut Headphones,Electronics,Headphones,29836
PROD0113,Corrupti Headphones,Electronics,Headphones,22434
PROD0114,Mollitia Jeans,Clothing,Jeans,38192
PROD0115,Ratione Laptop,Electronics,Laptop,17484
PROD0116,Doloribus Mobile,Electronics,Mobile,48826
PROD0117,Perferendis Comics,Books,Comics,1503
PROD0118,Blanditiis Comics,Books,Comics,14196
PROD0119,Dolore Shoes,Clothing,Shoes,40508
PROD0120,Libero Jacket,Clothing,Jacket,35099
PROD0121,Alias Table,Home,Table,33608
PROD0122,Fuga Sofa,Home,Sofa,3172
PROD0123,Illum Mobile,Electronics,Mobile,16307
PROD0124,Quasi Table,Home,Table,14781
PROD0125,Velit Sofa,Home,Sofa,49246
PROD0126,CONSECTETUR LAMP,Home,Lamp,35827
PROD0127,Praesentium Jeans,Clothing,Jeans,11156
PROD0128,Exercitationem Novel,Books,Novel,14865
PROD0129,Quas Headphones,Electronics,Headphones,7541
PROD0130,Iusto Camera,Electronics,Camera,18010
PROD0131,   Itaque Jeans   ,Clothing,Jeans,24872
PROD0132,Labore Chair,Home,Chair,14423
PROD0133,Inventore Table,Home,Table,40261
PROD0134,Dolore Mobile,Electronics,Mobile,22231
PROD0135,Mollitia Jeans,Clothing,Jeans,16120
PROD0136,Consectetur Laptop,Electronics,Laptop,49341
PROD0137,Eligendi Biography,Books,Biography,25915
PROD0138,Excepturi Lamp,Home,Lamp,48089
PROD0139,Ratione Mobile,Electronics,Mobile,408
PROD0140,Fugiat Novel,Books,Novel,22022
PROD0141,Animi Education,Books,Education,24615
PROD0142,Cumque Shoes,Clothing,Shoes,38165
PROD0143,Sequi Jeans,Clothing,Jeans,36579
PROD0144,Ullam Mobile,Electronics,Mobile,38780
PROD0145,   Exercitationem Table   ,Home,Table,33272
PROD0146,Aut Shoes,Clothing,Shoes,16651
PROD0147,Vel Chair,Home,Chair,8442
PROD0148,Voluptatem Lamp,Home,Lamp,43903
PROD0149,Modi Jacket,Clothing,Jacket,13824
PROD0150,Voluptatem Education,Books,Education,42094
PROD0151,Occaecati Table,Home,Table,4931
PROD0152,Cumque Sofa,Home,Sofa,44979
PROD0153,Doloremque Camera,Electronics,Camera,34348
PROD0154,Error Shirt,Clothing,Shirt,23267
PROD0155,Inventore Camera,Electronics,Camera,29067
PROD0156,Deserunt Biography,Books,Biography,31304
PROD0157,Cumque Comics,Books,Comics,45967
PROD0158,Id Camera,Electronics,Camera,31486
PROD0159,Eligendi Mobile,Electronics,Mobile,46823
PROD0160,Quae Education,Books,Education,29074
PROD0161,Occaecati Biography,Books,Biography,17222
PROD0162,Dolorum Education,Books,Education,37517
PROD0163,Tenetur Shirt,Clothing,Shirt,6424
PROD0164,Pariatur Chair,Home,Chair,46579
PROD0165,Quo Chair,Home,Chair,6693
PROD0166,Soluta Laptop,Electronics,Laptop,27926
PROD0167,Voluptas Education,Books,Education,29424
PROD0168,Possimus Biography,Books,Biography,12260
PROD0169,Tenetur Table,Home,Table,9237
PROD0170,Officiis Headphones,Electronics,Headphones,8058
PROD0171,Aut Shoes,Clothing,Shoes,14296
PROD0172,Nulla Jacket,Clothing,Jacket,48209
PROD0173,Nam Camera,Electronics,Camera,45720
PROD0174,Non Novel,Books,Novel,30254
PROD0175,Odit Camera,Electronics,Camera,4433
PROD0176,Doloribus Sofa,Home,Sofa,10156
PROD0177,Harum Jeans,Clothing,Jeans,19796
PROD0178,Necessitatibus Biography,Books,Biography,28393
PROD0179,Voluptates Shirt,Clothing,Shirt,25840
PROD0180,Eligendi Laptop,Electronics,Laptop,14138
PROD0181,Neque Chair,Home,Chair,38639
PROD0182,Incidunt Comics,Books,Comics,20153
PROD0183,Ipsam Chair,Home,Chair,6212
PROD0184,Iste Novel,Books,Novel,20290
PROD0185,Excepturi Laptop,Electronics,Laptop,40086
PROD0186,Veniam Headphones,Electronics,Headphones,20444
PROD0187,Quo Novel,Books,Novel,20976
PROD0188,Blanditiis Jeans,Clothing,Jeans,44078
PROD0189,Eveniet Shoes,Clothing,Shoes,49118
PROD0190,Atque Comics,Books,Comics,46576
PROD0191,Voluptatibus Shirt,Clothing,Shirt,14838
PROD0192,Itaque Novel,Books,Novel,7938
PROD0193,Maiores Chair,Home,Chair,27149
PROD0194,Possimus Novel,Books,Novel,1500
PROD0195,Aliquam Headphones,Electronics,Headphones,39047
PROD0196,Est Jeans,Clothing,Jeans,27036
PROD0197,Voluptate Jeans,Clothing,Jeans,35947
PROD0198,Totam Chair,Home,Chair,9529
PROD0199,Illo Jeans,Clothing,Jeans,18854
PROD0200,Unde Comics,Books,Comics,22153
PROD0201,Libero Table,Home,Table,39720
PROD0202,Maiores Sofa,Home,Sofa,8281
PROD0203,Rem Laptop,Electronics,Laptop,22218
PROD0204,Ratione Jacket,Clothing,Jacket,9302
PROD0205,Eveniet Laptop,Electronics,Laptop,25245
PROD0206,Officia Mobile,Electronics,Mobile,37826
PROD0207,Soluta Sofa,Home,Sofa,14001
PROD0208,Sit Jacket,Clothing,Jacket,8533
PROD0209,Quasi Shoes,Clothing,Shoes,5198
PROD0210,Enim Lamp,Home,Lamp,2257
PROD0211,Fugiat Table,Home,Table,24533
PROD0212,Dolore Lamp,Home,Lamp,21018
PROD0213,Dolore Headphones,Electronics,Headphones,40986
PROD0214,Soluta Laptop,Electronics,Laptop,2157
PROD0215,At Camera,Electronics,Camera,26208
PROD0216,Ipsam Comics,Books,Comics,38665
PROD0217,Cum Table,Home,Table,5535
PROD0218,Totam Chair,Home,Chair,24845
PROD0219,Hic Mobile,Electronics,Mobile,28738
PROD0220,Nostrum Lamp,Home,Lamp,19606
PROD0221,   Nam Table   ,Home,Table,32703
PROD0222,Necessitatibus Lamp,Home,Lamp,16307
PROD0223,Rerum Headphones,Electronics,Headphones,25644
PROD0224,Iure Mobile,Electronics,Mobile,32026
PROD0225,Assumenda Jeans,Clothing,Jeans,4452
PROD0226,Optio Education,Books,Education,39686
PROD0227,Excepturi Headphones,Electronics,Headphones,45568
PROD0228,Ut Biography,Books,Biography,41712
PROD0229,Odio Camera,Electronics,Camera,1534
PROD0230,Ad Education,Books,Education,38008
PROD0231,Aspernatur Jacket,Clothing,Jacket,46812
PROD0232,Rerum Shoes,Clothing,Shoes,5248
PROD0233,Architecto Shirt,Clothing,Shirt,42109
PROD0234,Ratione Jacket,Clothing,Jacket,35306
PROD0235,   Fuga Headphones   ,Electronics,Headphones,10735
PROD0236,Quod Headphones,Electronics,Headphones,13274
PROD0237,Quisquam Novel,Books,Novel,37062
PROD0238,Optio Chair,Home,Chair,18506
PROD0239,Repudiandae Jacket,Clothing,Jacket,49842
PROD0240,Maiores Comics,Books,Comics,20312
PROD0241,Aliquid Shirt,Clothing,Shirt,26506
PROD0242,Dicta Novel,Books,Novel,3966
PROD0243,Inventore Jacket,Clothing,Jacket,8487
PROD0244,Veniam Mobile,Electronics,Mobile,43306
PROD0245,Placeat Laptop,Electronics,Laptop,23747
PROD0246,Inventore Education,Books,Education,9572
PROD0247,Sed Shirt,Clothing,Shirt,39354
PROD0248,Id Chair,Home,Chair,35703
PROD0249,Eos Shirt,Clothing,Shirt,28649
PROD0250,Vero Sofa,Home,Sofa,36779
PROD0251,Necessitatibus Biography,Books,Biography,22943
PROD0252,Numquam Jacket,Clothing,Jacket,17787
PROD0253,Maxime Laptop,Electronics,Laptop,3004
PROD0254,Aut Laptop,Electronics,Laptop,18257
PROD0255,In Laptop,Electronics,Laptop,38298
PROD0256,Sit Lamp,Home,Lamp,3224
PROD0257,Suscipit Novel,Books,Novel,30034
PROD0258,Praesentium Lamp,Home,Lamp,8421
PROD0259,Ipsam Mobile,Electronics,Mobile,6728
PROD0260,Mollitia Biography,Books,Biography,6139
PROD0261,   Autem Jeans   ,Clothing,Jeans,17033
PROD0262,Placeat Headphones,Electronics,Headphones,31496
PROD0263,Iusto Chair,Home,Chair,2258
PROD0264,Consectetur Biography,Books,Biography,29459
PROD0265,In Camera,Electronics,Camera,29929
PROD0266,Exercitationem Headphones,Electronics,Headphones,16553
PROD0267,Corporis Jacket,Clothing,Jacket,6673
PROD0268,Eaque Lamp,Home,Lamp,20708
PROD0269,Ducimus Shoes,Clothing,Shoes,31033
PROD0270,Magnam Mobile,Electronics,Mobile,20285
PROD0271,Debitis Education,Books,Education,23604
PROD0272,Nam Shoes,Clothing,Shoes,35122
PROD0273,Quia Jacket,Clothing,Jacket,40960
PROD0274,Accusamus Mobile,Electronics,Mobile,9444
PROD0275,In Camera,Electronics,Camera,7331
PROD0276,Magnam Mobile,Electronics,Mobile,34653
PROD0277,Inventore Shirt,Clothing,Shirt,40717
PROD0278,Facilis Shirt,Clothing,Shirt,19239
PROD0279,Aliquid Biography,Books,Biography,1591
PROD0280,Deserunt Mobile,Electronics,Mobile,38088
PROD0281,Esse Mobile,Electronics,Mobile,36536
PROD0282,Quae Jacket,Clothing,Jacket,25366
PROD0283,Quia Education,Books,Education,116
PROD0284,Quis Camera,Electronics,Camera,456
PROD0285,Vel Mobile,Electronics,Mobile,23066
PROD0286,Dolor Jeans,Clothing,Jeans,5024
PROD0287,Repellendus Chair,Home,Chair,21441
PROD0288,Maiores Shirt,Clothing,Shirt,49917
PROD0289,Nam Comics,Books,Comics,1615
PROD0290,Quis Education,Books,Education,37860
PROD0291,Quia Table,Home,Table,11436
PROD0292,Rem Jeans,Clothing,Jeans,43022
PROD0293,Repellendus Biography,Books,Biography,5941
PROD0294,Odit Biography,Books,Biography,32699
PROD0295,Eum Sofa,Home,Sofa,34911
PROD0296,Doloremque Laptop,Electronics,Laptop,30500
PROD0297,Quisquam Biography,Books,Biography,2434
PROD0298,Iste Sofa,Home,Sofa,38255
PROD0299,Assumenda Table,Home,Table,4659
PROD0300,Quia Shirt,Clothing,Shirt,19389
PROD0301,Nesciunt Lamp,Home,Lamp,35788
PROD0302,Cumque Laptop,Electronics,Laptop,25762
PROD0303,Sint Jacket,Clothing,Jacket,15198
PROD0304,Iste Jacket,Clothing,Jacket,14424
PROD0305,Impedit Table,Home,Table,894
PROD0306,MAGNI LAPTOP,Electronics,Laptop,36071
PROD0307,Neque Education,Books,Education,23449
PROD0308,Harum Jeans,Clothing,Jeans,33920
PROD0309,Sed Novel,Books,Novel,2622
PROD0310,Ab Shoes,Clothing,Shoes,25208
PROD0311,Tempore Shirt,Clothing,Shirt,4833
PROD0312,Illo Chair,Home,Chair,6154
PROD0313,Rem Camera,Electronics,Camera,11300
PROD0314,Id Table,Home,Table,5780
PROD0315,Ea Headphones,Electronics,Headphones,20819
PROD0316,Quasi Jeans,Clothing,Jeans,28132
PROD0317,Deleniti Headphones,Electronics,Headphones,19671
PROD0318,Ex Jeans,Clothing,Jeans,24531
PROD0319,Accusamus Shoes,Clothing,Shoes,27554
PROD0320,Impedit Biography,Books,Biography,46189
PROD0321,Sed Education,Books,Education,41060
PROD0322,Accusamus Lamp,Home,Lamp,918
PROD0323,Non Shirt,Clothing,Shirt,40600
PROD0324,Cum Jeans,Clothing,Jeans,14780
PROD0325,Atque Biography,Books,Biography,49282
PROD0326,Asperiores Table,Home,Table,42375
PROD0327,Numquam Headphones,Electronics,Headphones,26832
PROD0328,Ipsam Comics,Books,Comics,20718
PROD0329,Optio Biography,Books,Biography,33918
PROD0330,Rem Table,Home,Table,39806
PROD0331,Temporibus Jacket,Clothing,Jacket,24233
PROD0332,Sunt Education,Books,Education,7309
PROD0333,Eaque Chair,Home,Chair,44480
PROD0334,Ullam Table,Home,Table,9537
PROD0335,Expedita Education,Books,Education,34080
PROD0336,Nam Table,Home,Table,31220
PROD0337,Culpa Education,Books,Education,16353
PROD0338,Dolore Chair,Home,Chair,45345
PROD0339,Qui Lamp,Home,Lamp,47755
PROD0340,Delectus Lamp,Home,Lamp,5737
PROD0341,Quo Table,Home,Table,11181
PROD0342,Praesentium Table,Home,Table,49815
PROD0343,Nobis Education,Books,Education,4835
PROD0344,Rerum Comics,Books,Comics,46321
PROD0345,Dolorum Comics,Books,Comics,29670
PROD0346,Quibusdam Education,Books,Education,39972
PROD0347,Facere Lamp,Home,Lamp,34816
PROD0348,Est Comics,Books,Comics,7225
PROD0349,Amet Headphones,Electronics,Headphones,46191
PROD0350,Inventore Sofa,Home,Sofa,4913
PROD0351,Tenetur Lamp,Home,Lamp,47243
PROD0352,Modi Lamp,Home,Lamp,5408
PROD0353,Quo Camera,Electronics,Camera,32138
PROD0354,Eaque Comics,Books,Comics,49861
PROD0355,Maxime Chair,Home,Chair,35249
PROD0356,Unde Sofa,Home,Sofa,30368
PROD0357,Itaque Table,Home,Table,18034
PROD0358,Esse Sofa,Home,Sofa,24513
PROD0359,Fugiat Shoes,Clothing,Shoes,29861
PROD0360,Asperiores Sofa,Home,Sofa,49250
PROD0361,Quasi Chair,Home,Chair,32976
PROD0362,Nulla Lamp,Home,Lamp,13647
PROD0363,Quisquam Jeans,Clothing,Jeans,38874
PROD0364,Sed Lamp,Home,Lamp,8400
PROD0365,Consectetur Shirt,Clothing,Shirt,49636
PROD0366,Eos Jeans,Clothing,Jeans,49611
PROD0367,Expedita Chair,Home,Chair,5629
PROD0368,Fugit Lamp,Home,Lamp,28255
PROD0369,Deserunt Table,Home,Table,37647
PROD0370,Veritatis Jacket,Clothing,Jacket,2149
PROD0371,Tempora Sofa,Home,Sofa,3723
PROD0372,Quo Comics,Books,Comics,4197
PROD0373,   Itaque Shoes   ,Clothing,Shoes,30897
PROD0374,Reiciendis Headphones,Electronics,Headphones,1103
PROD0375,Sint Mobile,Electronics,Mobile,39503
PROD0376,Quo Laptop,Electronics,Laptop,41124
PROD0377,Ea Biography,Books,Biography,24753
PROD0378,Facilis Lamp,Home,Lamp,12332
PROD0379,Inventore Mobile,Electronics,Mobile,32011
PROD0380,Quisquam Lamp,Home,Lamp,27884
PROD0381,Fugit Shirt,Clothing,Shirt,12264
PROD0382,Repellat Shirt,Clothing,Shirt,46375
PROD0383,Praesentium Mobile,Electronics,Mobile,25571
PROD0384,Sapiente Camera,Electronics,Camera,38227
PROD0385,Eos Camera,Electronics,Camera,24752
PROD0386,Ullam Jacket,Clothing,Jacket,23728
PROD0387,Asperiores Laptop,Electronics,Laptop,31181
PROD0388,Possimus Shirt,Clothing,Shirt,41503
PROD0389,   Beatae Shirt   ,Clothing,Shirt,42683
PROD0390,Voluptates Comics,Books,Comics,46025
PROD0391,Natus Camera,Electronics,Camera,48548
PROD0392,Nobis Shirt,Clothing,Shirt,43238
PROD0393,Deleniti Laptop,Electronics,Laptop,36200
PROD0394,Aut Shirt,Clothing,Shirt,41643
PROD0395,Commodi Headphones,Electronics,Headphones,41559
PROD0396,Blanditiis Jeans,Clothing,Jeans,3035
PROD0397,Perspiciatis Headphones,Electronics,Headphones,46013
PROD0398,Et Mobile,Electronics,Mobile,30678
PROD0399,Laboriosam Lamp,Home,Lamp,42347
PROD0400,Velit Shoes,Clothing,Shoes,7290
PROD0401,Quia Jeans,Clothing,Jeans,26634
PROD0402,Amet Headphones,Electronics,Headphones,773
PROD0403,Rerum Mobile,Electronics,Mobile,9530
PROD0404,Omnis Chair,Home,Chair,1115
PROD0405,Eos Laptop,Electronics,Laptop,44313
PROD0406,Repudiandae Chair,Home,Chair,11355
PROD0407,Possimus Jeans,Clothing,Jeans,1194
PROD0408,Impedit Laptop,Electronics,Laptop,3210
PROD0409,Hic Sofa,Home,Sofa,17925
PROD0410,Commodi Table,Home,Table,35923
PROD0411,Repellat Comics,Books,Comics,22923
PROD0412,Libero Jeans,Clothing,Jeans,44016
PROD0413,Tempora Headphones,Electronics,Headphones,3902
PROD0414,Aperiam Sofa,Home,Sofa,33398
PROD0415,Magni Chair,Home,Chair,21341
PROD0416,Repellat Sofa,Home,Sofa,11393
PROD0417,Consectetur Jeans,Clothing,Jeans,42987
PROD0418,At Novel,Books,Novel,9869
PROD0419,Error Novel,Books,Novel,1205
PROD0420,Quia Laptop,Electronics,Laptop,3510
PROD0421,Deserunt Table,Home,Table,22967
PROD0422,Aut Shirt,Clothing,Shirt,17878
PROD0423,Reprehenderit Lamp,Home,Lamp,22524
PROD0424,Dolores Jeans,Clothing,Jeans,21979
PROD0425,Optio Shirt,Clothing,Shirt,30876
PROD0426,ASPERIORES LAPTOP,Electronics,Laptop,38187
PROD0427,Distinctio Novel,Books,Novel,33264
PROD0428,Fugit Comics,Books,Comics,28627
PROD0429,Laboriosam Comics,Books,Comics,20876
PROD0430,Tempore Comics,Books,Comics,45100
PROD0431,Culpa Comics,Books,Comics,37484
PROD0432,Exercitationem Jacket,Clothing,Jacket,964
PROD0433,Esse Biography,Books,Biography,36876
PROD0434,Qui Camera,Electronics,Camera,2480
PROD0435,Accusamus Shoes,Clothing,Shoes,6383
PROD0436,Quis Jeans,Clothing,Jeans,31967
PROD0437,Cum Camera,Electronics,Camera,25822
PROD0438,Unde Lamp,Home,Lamp,29790
PROD0439,Vitae Laptop,Electronics,Laptop,2282
PROD0440,Recusandae Lamp,Home,Lamp,48880
PROD0441,Deleniti Lamp,Home,Lamp,22444
PROD0442,Dolorem Camera,Electronics,Camera,14249
PROD0443,Saepe Headphones,Electronics,Headphones,20464
PROD0444,Fugiat Comics,Books,Comics,934
PROD0445,Nulla Shoes,Clothing,Shoes,44086
PROD0446,Iure Biography,Books,Biography,23226
PROD0447,Consequatur Camera,Electronics,Camera,41525
PROD0448,Optio Shirt,Clothing,Shirt,38383
PROD0449,Eum Jeans,Clothing,Jeans,30993
PROD0450,Doloribus Comics,Books,Comics,23382
PROD0451,Harum Headphones,Electronics,Headphones,15087
PROD0452,Aperiam Education,Books,Education,28578
PROD0453,Quae Shoes,Clothing,Shoes,33350
PROD0454,Maxime Education,Books,Education,3810
PROD0455,Dolorum Laptop,Electronics,Laptop,22369
PROD0456,Quibusdam Jeans,Clothing,Jeans,37779
PROD0457,Provident Shirt,Clothing,Shirt,41709
PROD0458,Tenetur Chair,Home,Chair,17519
PROD0459,Neque Mobile,Electronics,Mobile,28274
PROD0460,Quisquam Shirt,Clothing,Shirt,18594
PROD0461,Laboriosam Shirt,Clothing,Shirt,23263
PROD0462,Iure Comics,Books,Comics,12906
PROD0463,Occaecati Comics,Books,Comics,10564
PROD0464,Aut Laptop,Electronics,Laptop,1495
PROD0465,Id Shoes,Clothing,Shoes,13873
PROD0466,Rerum Lamp,Home,Lamp,6754
PROD0467,At Shirt,Clothing,Shirt,24846
PROD0468,Recusandae Chair,Home,Chair,12028
PROD0469,Eum Jeans,Clothing,Jeans,25695
PROD0470,Sit Jeans,Clothing,Jeans,31604
PROD0471,Pariatur Education,Books,Education,40523
PROD0472,Officiis Education,Books,Education,21322
PROD0473,In Camera,Electronics,Camera,35571
PROD0474,Vero Shoes,Clothing,Shoes,27061
PROD0475,Dolorem Biography,Books,Biography,1740
PROD0476,Laboriosam Jacket,Clothing,Jacket,37524
PROD0477,Numquam Table,Home,Table,13489
PROD0478,Aliquid Shoes,Clothing,Shoes,15836
PROD0479,Aperiam Novel,Books,Novel,1189
PROD0480,Ea Lamp,Home,Lamp,8764
PROD0481,Provident Mobile,Electronics,Mobile,3572
PROD0482,Placeat Laptop,Electronics,Laptop,48710
PROD0483,Sit Jeans,Clothing,Jeans,43345
PROD0484,Placeat Novel,Books,Novel,3458
PROD0485,Et Camera,Electronics,Camera,20943
PROD0486,ASPERNATUR LAMP,Home,Lamp,32537
PROD0487,Suscipit Jacket,Clothing,Jacket,2153
PROD0488,Ab Laptop,Electronics,Laptop,8357
PROD0489,Architecto Table,Home,Table,23449
PROD0490,EARUM LAMP,Home,Lamp,38612
PROD0491,Et Camera,Electronics,Camera,37713
PROD0492,Quod Comics,Books,Comics,18840
PROD0493,Sequi Table,Home,Table,23521
PROD0494,Beatae Education,Books,Education,42809
PROD0495,Odit Shoes,Clothing,Shoes,9167
PROD0496,Expedita Novel,Books,Novel,40555
PROD0497,Voluptatibus Jacket,Clothing,Jacket,30922
PROD0498,IN CHAIR,Home,Chair,22882
PROD0499,Modi Novel,Books,Novel,38589
PROD0500,Numquam Education,Books,Education,18186
